AB-Group,Communities,Group,Final SNP,snp_verified
AB-001,"A,S",E1b-V22-BY7500,BY7517,
AB-002,"A,S,I",E1b-V22-CTS3116,,
AB-003,"A,S,I",E1b-V12-BY8528,BY8536,
AB-004,A,E1b-V12-BY8430,Y32552,
AB-005,"A,S",E1b-M84-Y14891,Y14891,
AB-006,"A,K",E1b-M84-PF6748-BY11078,FGC32460,
AB-007,"A,S,I",E1b-Z841-Y6923,Y6923,
AB-008,A,E1b-Z830-PF1952-a,PF1952,
AB-010,A,E1b-Z830-PF1975-Y36800,Y35934,
AB-011,A,E1b-V13-L241-BY77657,Y142743,
AB-013,"A,S",E1b-V13-BT4282,BY4288,
AB-014,A,E1b-M81-A5604,Y161794,
AB-015,"A,S",E1a-M44-Z17697,Z17697,
AB-016,A,T-Y16897-BY11520,Y28685,
AB-017,A,T-CTS8862,CTS8489,
AB-018,"A,S",T-P77-PF4074,FGC30190,
AB-020,A,T-P77-Y31474-Z41760,Y91965,
AB-021,"A,S,I",T-L208-Z709-BY111898,Y125274,
AB-022,"A,S,M,K,I,R,Y",J1-ZS227-S12192,Y3088,
AB-027,A,J1-YSC76-FGC22294-ZS6484,ZS6485,
AB-028,"A,S,I",J1-YSC76-F450-ZS6955,ZS1670,
AB-030,"A,S,I",J1-Z18297-ZS2606,ZS2597,
AB-031,A,J1-YSC76-L823-a,ZS4763,
AB-033,"A,S,I,R",J1-L817-L816,L816,
AB-034,"A,I",J1-Z640-FGC5206,FGC5215,
AB-036,"A,S",J1-Z18297-ZS4292,Y6384,
AB-037,A,J1-FGC11-ZS2102,ZS2102,
AB-039,A,J1-PF7263-ZS10568,ZS10568,
AB-040,A,J2a-M92-L556,L556,
AB-041,"A,S",J2a-M92-SK1344-Y207583,Y207583,
AB-042,A,J2a-M92-SK1344-FT253929,FT253929,
AB-043,"A,K",J2a-M92-Z515-FGC75679,FGC75679,
AB-044,"A,S",J2a-L210-Y15223,Y15223,
AB-045,A,J2a-L70-PF5456,FGC21085,
AB-046,A,J2a-L70-P244.2,P244,
AB-047,"A,S,J",J2a-L25-FGC4992,FGC4975,
AB-049,A,J2a-L25-Z38816,AM00119,
AB-050,"A,I",J2a-M410-Z43501,Z43501,
AB-051,A,J2b-L283-Y33795,Y33795,
AB-052,"A,S",J2b-M102-Z43000,Z42983,
AB-053,"A,S",G-M342-GG362,GG362,
AB-054,A,G-M342-Z18606,Z18606,
AB-055,A,G-M342-L201,L201,
AB-056,A,G-M377,Y12975,
AB-057,A,G-L30-BY83406,BY108114,
AB-058,"A,S",G-L140-CTS5990-FGC249,FGC228,
AB-059,"A,S,I",G-L140-CTS5990-Z43085,FGC58712,
AB-060,A,G-Z6552-Z6673,FGC1114,
AB-061,A,G-U1-L1264,Z44224,
AB-062,A,G-L140-Z30527?,,
AB-063,A,L-M349-FGC36841,FGC36841,
AB-065,"A,K",Q-L245-Y2200,Y2200,
AB-066,A,R1a-Z283-M12402,M12402,
AB-067,A,R1a-Z93-M582,Y2619,
AB-068,A,R1a-Z93-Z2123,Y342186,
AB-069,"A,S,I",R1b-V88-FGC21004,FGC21016,
AB-070,"A,S,I",R1b-Z2103-FGC14595,Y11410,
AB-071,A,R1b-PF7562-A11711,A11720,
AB-072,"A,S",R1b-Z2103-Y19847,Y19847,
AB-073,"A,S",R1b-Z2103-FGC36766,FGC36766,
AB-074,A,R1b-U152-BY187600,BY186940,
AB-075,A,R1b-U152-L4-a,L4,
AB-077,"A,S,I",R1b-DF27-FGC20761,V3476,
AB-078,A,R1b-L21-Z18106,BY326,
AB-079,A,R1b-U152-L408,Y22151,
AB-080,"A,S,I",R1b-Z2103-Z2108,Y104180,
AB-081,"A,S",R1b-U152-Y86521,Y101215,
AB-082,A,R1b-DF27-FGC46538,FGC46541,
AB-083,A,R2a-M124-L288,Y127102,
AB-084,"A,S,I",R1b-U106-Ivanhoe,Y5051,
AB-085,"A,S,M,J",R2a-F1092-FGC13211,FGC13184,
AB-086,A,I1-Z140-Y12663,Y12663,
AB-087,A,I2-P215,Y86519,
AB-088,A,I2-M223-P78-Y52940,Y52940,
AB-089,A,I2-P37-Y23115,Y23115,
AB-090,"A,J",I2-P37-PF6950,BY18705,
AB-091,"A,S,I",E1b-V12-FT284477-FT24270,Y29594,
AB-092,"A,S,I",T-Y3836,Y3833,
AB-093,A,T-P317,Y269895,
AB-094,A,R1b-V1636-PF4354,BY90731,
AB-095,A,E1b-M2-V1749-V2945,M4041,
AB-096,S,E1b-V22-BY56101,L1250,
AB-097,A,E1b-V13-Y142744,Y142744,
AB-100,A,G-PF3146-FGC6713,Y171885,
AB-101,"A,S",R1b-DF27-A5376,S16864,
AB-103,"A,S",R1b-V88-PF6325,,
AB-106,A,R1b-L11?-213128,,
AB-107,"S,M",E1b-V22-FTB27637,,
AB-108,S,E1b-V22-BY67435,,
AB-109,S,E1b-V13-Z21371,PF6784,
AB-110,M,E1b-M78-V1133-V4675,Y188009,
AB-111,"S,R",E1b-Z841-Y4972,Y14802,
AB-113,S,J1-Z640-FGC30554,FGC30554,
AB-114,"A,S,I",J2a-M319-Y20891,Y23165,
AB-115,S,J2a-L26-204156,,
AB-116,A,J2a-CTS900-Y11860,Y96522,
AB-120,S,G-PF3146-FGC2263,,
AB-121,S,G-Z6552-FTE64653,BY116538,
AB-122,"S,I",G-U1-Z29424,Y134554,
AB-123,"S,M",G-U1-Z30718,FGC56982,
AB-124,S,G-P303-M278,M278,
AB-125,S,R1a-Z93-Y944-FTC87438,,
AB-126,R,Q-L53-L330-Y146631,L330,
AB-127,S,G-Z6552-Z17775,Z39928,
AB-128,S,E1b-M81-A,,
AB-130,S,R1a-Z93-Y15121,Y15121,
AB-131,S,J2a-M319-N87830,,
AB-132,Y,E1b-M84-PF6748?-218311,,
AB-133,"A,S",E1b-M84-PF6748-BY11025,BY11014,
AB-134,S,G-PF3146-FGC2315,Z12221,
AB-135,M,J1-Z18297-ZS2566-ZS3736,Y23173,
AB-136,S,J1-YSC76-ZS6056,ZS6056,
AB-137,S,J2a-L25-FGC9961-Y213708,Y14696,
AB-138,S,Q-L245-BZ3900,BZ3900,
AB-139,M,R1b-Z2103-FTA79354,,
AB-140,S,E1b-V12-CTS8411,CTS9507,
AB-141,"S,I",E1b-V12-BY8508,BY8508,
AB-143,S,G-L140-CTS5990-BY60982,,
AB-144,A,E1b-M81?-M,,
AB-145,A,R1b-L11?-192370,,
AB-146,S,R1b-Z2103-Y19973,,
AB-147,A,R1b-DF27-BY16148,BY16148,
AB-148,S,R1b-DF27-BY33242,Y16854,
AB-149,"A,S,I",R1b-Z2103-M12143,M12135,
AB-150,S,J1-Z18297-FGC27989,FGC20891,
AB-152,R,R1b-P312-29295,,
AB-153,"A,S,J",J2b-L283-Z39653,Z39653,
AB-155,G,E1b-V22-FGC62854,FGC62855,
AB-156,A,E1b-V13-CTS5856-FGC91367,,
AB-158,"S,K",E1b-M84-Y60961-S10483,Y60961,
AB-159,S,E1b-M84-PF6748-FT240936,,
AB-160,A,E1b-Z841-BY55895,Z21466,
AB-161,A,T-P77-Y31474-BY39967,Y31474,
AB-162,"S,R",T-L208-Y142466,BY28296,
AB-163,"S,R",E1b-V13-S10743,,
AB-168,S,J2a-M92-SK1344-FT450620,BY22506,
AB-170,S,J2a-L70-Z435-Z45223,Z2177,
AB-171,S,J2a-M319-FTA87010,PH314,
AB-173,S,J2b-L283?-374521,,
AB-174,A,R1a-Z93?-424726,,
AB-176,S,R1b-DF27-FT143445,BY27831,
AB-177,S,R1b-DF27-Y31337,Y31337,
AB-178,A,R1b-U152-A7982,BY32273,
AB-179,S,R1b-DF27-Y36406,Y27962,
AB-180,S,J1-L620-Y244958,ZS6637,
AB-181,"S,I",T-Y16247-E,Y16247,
AB-182,S,T-221510,,
AB-183,A,T-Y7459-157447,,
AB-184,S,T-Y4984-Y61099,,
AB-185,A,E1b-V13-FGC11444,,
AB-186,S,E1b-M84?-209818,,
AB-189,A,E1b-M81-BY205883,A2227,
AB-190,S,E1b-V12-FTC87379,CTS6667,
AB-191,"S,K",E1b-M84-FGC18401-M,FGC18401,
AB-192,A,E1b-M84?-90530,,
AB-194,S,E1b-V13-FTC71867,,
AB-195,A,E1b-V65-N19276,,
AB-196,S,E1b-V13?-192783,,
AB-197,S,E1b-Z841-Z36120,,
AB-198,M,T-Y139982,Y139975,
AB-200,M,J1-YSC76-Y142210,,
AB-202,S,G-L140-PF3346,,
AB-205,S,J2a-L210-L227,,
AB-206,S,J2a-M67-FT12718,BY51876,
AB-207,S,J2a-L26-Y14434?-101347,,
AB-209,S,J2a-L25-Z44158,FGC30343,
AB-210,Y,J2b-183474,,
AB-211,S,J2a-BY111118,,
AB-212,S,Q-L245-YP745,Y87855,
AB-213,S,Q-L245-Y2209,Y2209,
AB-218,S,J2a-CTS900-CTS5796,Y129179,
AB-219,"S,I",J2a-M92-SK1344?,,
AB-220,S,T-Y4984-Y61099,Y4984,
AB-222,S,T-CTS8603-529910,,
AB-224,A,E1b-M84-FGC18401-FGC18371,FGC18369,
AB-226,M,J1-FGC11-FGC3708-ZS3844,Y6369,
AB-228,S,J2a-CTS900-FTF8525,,
AB-229,S,E1b-V22-BY177919,,
AB-230,S,R1b-DF27-Y14472,,
AB-231,S,G-U1-Z6759,,
AB-232,S,G-L497-FT240048,Z31846,
AB-233,S,G-L30-FTB22561,,
AB-234,S,J2b-L283-Y22038,Y22038,
AB-235,S,L-M349-BY20692,BY20692,
AB-236,"A,S",R1b-Z2103-Y84551,Y84551,
AB-237,"A,S",E1b-V13-S24513,BY183690,
AB-238,S,J2a-CTS900-FT245300,Y22041,
AB-239,"A,S,I",J2a-L26-Z43986,Z43994,
AB-240,S,J2a-Y29673,,
AB-241,S,J1-Z1828,Z1828,
AB-242,S,R1b-L21-FTC87474,,
AB-243,S,E1b-V65-FTA81329,,
AB-244,S,E1b-M84-FTB90247,,
AB-245,S,E1b-M81-CTS12227-FTF10997,CTS12227,
AB-246,S,E1b-M81-CTS12227,,
AB-247,S,E1b-M81-FTF87328,,
AB-248,S,E1b-V13-FT333503,BY4518,
AB-249,S,E1b-V12-BY8430,,
AB-250,S,E1b-CTS10880-FTF13720,,
AB-251,S,G-L497-FGC60020,CTS4803,
AB-253,S,J2a-L26-S15970,,
AB-256,S,J1-YSC76-FGC8224-FT30333,Y204759,
AB-257,S,J2a-M67-FTC51220,,
AB-258,S,J2a-L26-FTD85966,,
AB-259,S,J2a-BY189268,,
AB-260,S,R1b-DF27-BY71846,,
AB-261,S,R1b-DF27-BY53945,,
AB-262,S,R1b-U152-BY38827,,
AB-263,S,T-P77-FGC80980,,
AB-267,S,R1b-DF27-FT240956,FT240956,
AB-269,A,R1b-M269-M,,
AB-270,"A,R",R1b-PF7562-FT107392,PF7563,
AB-272,S,R1b-DF27?-T,,
AB-273,S,R1b-DF27-SK1451,DF27,
AB-274,S,J1-Z18297?-J,,
AB-275,S,R2a-M124-FTC96253,,
AB-276,S,E1b-V13-L17-BY5219?,L17,
AB-278,A,J1-YSC76-ZS6063,Y3441,
AB-280,S,L-B,,
AB-281,A,E1b-V13?-P,,
AB-284,S,E1b-V65-BY122991,,
AB-285,S,E1b-V22-FT192512,,
AB-288,S,G-PF3146?-C,,
AB-289,S,G-PF3146-BY67619,BY151073,
AB-290,A,I2-K,,
AB-291,,I2-M223-L699-Y166757,S12195,
AB-294,S,J1-L817-Y214565,Y214565,
AB-296,S,J2a-L26-FTF8899,,
AB-297,S,J2a-M92?-T,,
AB-302,S,R1a-Z93?-M,,
AB-303,A,R1b-Z2103-FT209833,Y64508,
AB-304,S,R1b-U152-CTS278-Y132009,CTS278,
AB-306,S,R1b-L21-BY142022,Y5833,
AB-308,S,E1b-V12-FTF9810,,
AB-309,S,G-Z6552-CTS1048-G,,
AB-310,G,J2a-L26-PF5169-T,PF5169,
AB-315,S,R1b-L21-BY13693,BY13693,
AB-316,M,E1b-M84-S11387,S11387,
AB-318,S,G-M342-FTF8537,,
AB-319,"S,R",J2b-L283-BY64362,BY100002,
AB-321,S,J1-ZS2518-BY81256-Ca,YP4763,
AB-322,"S,Y",G-L30-FTD25607,,
AB-324,A,R1a-Z93?-M,,
AB-325,A,R1a-Z283-Y2915-A,,
AB-327,A,R1a-Z283-N,,
AB-328,A,R1a-Z283?-S,,
AB-330,G,J2a-CTS900-Y27539,Y11200,
AB-331,"S,I",J1-Z640-CTS4510,CTS4510,
AB-332,S,R1b-L21-Y125246,Y125246,
AB-334,R,J2a-PF5060,,
AB-335,S,I2-FTA59595,,
AB-336,S,E1b-FT266713,,
AB-339,S,E1b-V12-FTC87569,,
AB-340,S,G-L140-CTS5990-FGC7477,Z5856,
AB-341,S,G-L140-CTS5990-FTF22782,,
AB-343,S,E1b-V13?-L,,
AB-344,A,J1-FGC11-S10340,Y10887,
AB-345,"S,I",J1-PF4869-FT258271,FT121851,
AB-346,S,J2a-L26-FGC57069,,
AB-349,,L-Y16366,Y16366,
AB-350,S,J1-PF4869-L829,L829,
AB-352,S,J2a-M92-SK1344-BY194849,,
AB-353,S,J2a-L26?-J,,
AB-354,S,J2a-L26-FTB64321,,
AB-355,S,J2b-L283-FTA38797,,
AB-356,S,R1b-DF27-ZZ12_1,DF27,
AB-357,S,R1a-Z93?-G,,
AB-360,A,R1a-Z283?-Mar,,
AB-361,S,G-L30-FT18827,F2214,
AB-362,,E1b-M84-PF6748-Y130334,Y130334,
AB-363,,R1b-Z2103?-Ma,,
AB-364,S,R1a-Z283?-Sa,,
AB-367,S,R1b-DF27-Z195-Z198-Co,,
AB-370,M,J1-YSC76-FTF9916,,
AB-371,S,R1b-V1636-BY202451,,
AB-372,S,R1b-Al,,
AB-374,S,J1-Z1842-C,,
AB-375,A,G-U1-BY109806,BY109806,
AB-377,A,E1b-Z841?-A,,
AB-380,S,G-L30-FTA35613,,
AB-381,S,R1b-Z2103-FTE23830,,
AB-384,S,E1b-V65-HU159,,
AB-385,S,J1-YSC76-FT272954,,
AB-386,,J2a-L25-FGC53942,Y14700,
AB-387,R,G-U1?-G,,
AB-388,,G-U1?-D,,
AB-391,S,R1b-DF27?-C,,
AB-392,R,R1a-Z283-M,,
AB-393,R,R1b-U152-PF6652,,
AB-394,M,J1-FT96715,,
AB-395,S,G-L30-Z45580,Y128712,
AB-396,,G-L30-BY62172,M3302,
AB-398,"S,K",E1b-V22-BY60777,,
AB-399,,E1b-M84-B406,,
AB-401,S,J2a-L70-PF5456-M,PF5456,
AB-402,S,J2a-dS,,
AB-403,S,J2a-B,,
AB-404,,R1b-Z2103-FT183758,,
AB-405,S,E1b-Z841-ZS8929.1,,
AB-406,"S,R",E1b-M84-FT419961-FT420540,Y82779,
AB-408,R,J1-Z18297-ZS2566-FTA92262,,
AB-411,,J2b-FTE90075,,
AB-412,S,G-U1-Z39806,,
AB-413,,H-Y197055,M197,
AB-415,,R1b-Z2103-BY45541,,
AB-417,S,J1-YSC76-ZS6745-ZS6730,ZS6730,
AB-418,,J2a-L26-FT81719-FT189989,Z8090,
AB-419,S,E1b-V13-Z5016,,
AB-421,M,J2a-PF5169-BY172026,BY37605,
AB-422,S,J2b-L283?-B,,
AB-423,S,R1b-L21-BY23442,,
AB-424,S,Q-L245-YP1237,BZ3048,
AB-425,A,R1b-P312?-G,,
AB-426,S,J2a-M92-SK1344-BY22477-C,,
AB-427,,J2a-L25-FTD38404,,
AB-428,S,I2-M223-L699-PAGES00076,,
AB-429,S,E1b-M84-FTF11144,,
AB-430,,J1-ZS2652-FTA7432,ZS2652,
AB-431,S,J2a-M92?-Y,,
AB-432,"A,S",Q-L245-BZ15,BZ386,
AB-434,,J1-FGC11-BY527,FT58245,
AB-435,S,E1b-V22-BY7025,BY199237,
AB-436,S,J2a-L26-BY199403,,
AB-437,S,J2a-CTS900?-M,,
AB-438,,G-L30-PF3369,,
AB-439,S,E1b-Z841-Y16298,,
AB-440,,J2a-BY132153,,
AB-441,S,L-R,,
AB-442,S,E1b-PF2431-PF2440,,
AB-443,"M,I,Y",E1b-M84-PF6748-FTF9063,,
AB-444,S,T-BY98240,,
AB-446,S,Q-FTA20324,,
AB-447,S,R1b-PH155-FTD20079,,
AB-448,S,L-FT368561,,
AB-451,M,R1a-Z93?-N,,
AB-452,,R1b-Z2103-BY11732,,
AB-455,S,J2a-M410-BY71602,PF4993,
AB-456,,E1b-V12-FT243076,,
AB-457,S,E1b-V65?-E,,
AB-458,"A,S",J2a-M92-FGC63035,FGC63035,
AB-459,S,J2a-L26-FGC15920,,
AB-461,S,J1-Z18297-FT280695,,
AB-462,S,R1b-Z2103-B7,,
AB-463,R,J2a-M67-BY143339,,
AB-464,S,G-PF3146-BY110600,,
AB-467,S,J2a-FTC30107,,
AB-468,"S,Y",R1a-Z93-FTC87349,,
AB-469,M,E1a-M44-BY184211,M44,
AB-470,M,J2a-FT203952,Y25793,
AB-471,S,T-FGC40313,,
AB-472,S,R1a-YP1272,,
AB-473,,R1b-Z2103-Y36455,,
AB-474,S,T-P77-CTS6280,,
AB-476,,E1b-V13-L17-BY5219,,
AB-480,S,J2a-L70-M318-PH3064,Z39271,
AB-481,,T-P77-FTE89318,,
AB-482,A,T-L208-Y22559,Y22559,
AB-484,S,E1b-M84-BY10862,,
AB-487,M,E1b-V12-FT264693,,
AB-490,S,E1b-M78-V1133-FTD42971,,
AB-493,M,G-U1-Z6414-BY47669,,
AB-494,S,G-L140-FTB28416,,
AB-495,M,G-L497-FT21948,,
AB-496,M,G-L140-BY66448,,
AB-497,S,G-U1-L1266-FTC87847,,
AB-498,S,R1a-Z93-Y944-B130,,
AB-499,,R1a-Z283?-E,,
AB-500,,R2a-FGC65158,,
AB-501,,J1-L620-Y244958-FTC72026,,
AB-502,S,J2a-M92-SK1344-BY22506,,
AB-503,,J2a-M319-Y5007-Y5177,,
AB-505,S,J2a-M67-Y144545,,
AB-506,,J2a-L70-FT100592,,
AB-507,,J2a-L25-Z7700,F3133,
AB-508,,R1b-L21-DF41-S,,
AB-509,S,R1b-DF27-FT62809,Y58993,
AB-510,A,R1b-P312?-K,,
AB-512,S,R1b-DF27-BY106001,,
AB-513,S,R1b-U152?-N,,
AB-514,,R1b-Z2103-Y168245,Y168245,
AB-515,,R1b-Z2103-FT246341,,
AB-517,S,E1b-V12-BY184316,,
AB-518,S,J2a-M319-PH32,,
AB-519,S,J1-Z640-Z2285,FGC64266,
AB-521,S,J2a-L26-FT224435,FGC15923,
AB-523,S,G-PF3146-BY110600,,
AB-525,,R1a-Z93-FT40939,,
AB-526,Y,E1b-M84-BY163402,,
AB-527,S,E1b-V65-BY8823-PF2282,BY8823,
AB-528,S,E1b-M81-MZ244,MZ244,
AB-529,S,E1b-BY36852,,
AB-530,M,J1-Z1828-ZS10891,,
AB-531,,J2a-M319-S18579,,
AB-532,,J2a-L26-FT224435,,
AB-533,"S,Y",R1b-DF27-Y23968,Y23968,
AB-534,M,R1b-Z2103-Y84551,,
AB-535,S,R1b-Z2103?-P,,
AB-536,S,R1b-V1636-BY184844,,
AB-537,A,E1b-M84-PF6748-BY188881,Y83770,
AB-539,M,J1-Z18297-ZS11565,,
AB-540,S,J2a-PF5169-FT173878,,
AB-542,S,J2a-L24-FT74299,FGC30299,
AB-543,M,T-P77-Y23857,,
AB-544,S,E1b-M84-BY181763,,
AB-545,S,E1b-M81-A2227,,
AB-546,S,E1b-V13-A9479,,
AB-547,M,E1b-M84?-K,,
AB-548,S,E1b-V22-FT197517,BY6865,
AB-549,S,J2a-M319-FT96382,Y20889,
AB-552,S,J2a-M319-BY74998,,
AB-553,S,J2b-L283-Z597-FT107678,Z597,
AB-556,S,T-P77-BY88022,FT64181,
AB-557,A,R1b-U106-FT26429,,
AB-559,Y,J1-FGC11-FT345374,,
AB-561,S,E1b-M84-FGC18401-DC783,Y141288,
AB-564,M,E1b-M84?-S,,
AB-565,S,G-L140-FT159310,,
AB-566,R,T-P77-FT97356,,
AB-567,S,R1a-Z283-BY57280,,
AB-568,M,J1-Z1828-FTA82947,,
AB-569,S,J2a-L26-Y31951,,
AB-570,S,J2a-L25-FT391524,Y197827,
AB-571,S,J2a-L25-FGC35489,,
AB-572,S,J2a-L70-Z435-FT91593,,
AB-573,S,J2a-M319-FTF10690,,
AB-576,S,J2a-L70-PF5456-FTF8849,,
AB-577,M,E1b-M84-BY11043,,
AB-581,S,J2a-L25-Z41082,,
AB-583,R,R1b-PF7562-FT61494,,
AB-585,S,R1b-DF27-FTF8622,,
AB-587,,E1b-M84?-K,,
AB-591,S,J2a-L25-FTE23445,,
AB-592,S,J2a-L26-BY32946,,
AB-593,S,E1b-V12-CTS6667-E,,
AB-594,S,J1-FGC11-BY136-Y85275,,
AB-595,R,J1-Z1874,,
AB-596,R,J2a-FT65301,,
AB-599,S,R1b-Z2103-FTF75955,,
AB-600,S,R1b-PF7589-CTS5940,,
AB-602,R,E1b-V22-FT178335,,
AB-603,S,T-P77-Y4958-Y297448,,
AB-604,M,T-P77-CTS6901,,
AB-605,M,T-P77-CTS6507-H,,
AB-606,R,E1b-M84-FT419961-FTB50779,,
AB-607,S,E1b-V13-FT276573,,
AB-609,,J2a-L26-FT69412,,
AB-611,S,R1b-Z2103-FTE87643,,
AB-612,S,R1b-DF27-BY30359,,
AB-614,M,T-Z19935,,
AB-615,S,J2a-L26-FT391661,PF5197,
AB-618,S,L-FT147200,,
AB-619,"M,Y",T-A,,
AB-621,S,R1b-DF27-BY834,,
AB-622,S,E1b-BY141719,,
AB-623,S,E1b-V65-BY8789,,
AB-624,S,E1b-M84-BY10890,,
AB-625,S,J1-D,,
AB-626,Y,J1-FGC11-FT61401,FT61401,
AB-627,A,N-L1027,L1027,
AB-628,S,R1b-DF27-C133904,,
AB-629,S,J2a-L26-Y197867,,
AB-630,S,E1b-V13-FTD34485,,
AB-632,S,E1b-SK863,,
AB-633,,J2b-M102-PH563,,
AB-634,,E1b-Z841-FTA3971,,
AB-635,,E1b-MF83228-N,,
AB-636,Y,J1-BY38068,,
AB-637,S,J2a-L25-FT238962,Z43321,
AB-638,S,T-P,,
AB-640,,J2a-L26-PF7421-Y31951,,
AB-643,M,R1a-Z93-FT451084-T,,
AB-645,,E1b-V13-Z16242,,
AB-646,M,J2a-M319-Y5007-FT200571,Y5178,
AB-647,M,J2a-PF5169-FT173878-M,,
AB-648,S,H-Z44607,,
AB-649,Y,Q-BZ4505,Y37884,
AB-650,,J1-FGC11-FTC93568,,
AB-651,J,J2b-M205-Y263419,,
AB-652,S,J1-FGC11-FGC19545,Y6370,
AB-656,S,J2a-L26-PF7415,PF7415,
AB-657,M,E1b-V13-FT308769,,
AB-658,S,E1b-V13-FT115151,,
AB-663,S,I2-P37-BY16213,,
AB-665,S,T-BY56427,,
AB-666,M,T-FGC40334,,
AB-667,R,J2a-M92-FT213968,,
AB-668,S,J2a-L26-FTC20007,,
AB-669,M,J1-YSC76-Z27226,Z27216,
AB-670,S,E1b-CTS10880-FT18871,,
AB-671,A,R1b-U152-BY32257-sub,BY32273,
AB-672,R,J2a-L26-PH4970,,
AB-674,S,L-M349-BY106634,,
AB-677,S,J2a-L26-FT286033,,
AB-678,S,J2a-M319-Y5007-FGC17726,Y5178,
AB-680,S,T-P77-FGC48930,,
AB-681,R,E1b-V13-FT352099,,
AB-682,S,R1b-U106-Y15893,,
AB-684,A,J2a-L26?-Z6057questionmark-D,,
AB-685,S,J2a-CTS900-Y25842,,
AB-686,S,J2a-M319-Y5007-Y69687,,
AB-687,S,G-L140-PF3345,,
AB-688,S,E1b-PF2431-BY9838,,
AB-690,S,T-FTC15458,,
AB-691,S,J2a-M92-SK1344-Z36894,,
AB-693,Y,J2a-M67-FT213749,,
AB-694,,J2a-L25-FTD74269,,
AB-695,,G-U1-Z6414,,
AB-696,,E1b-V12-F25608,,
AB-698,S,R1b-Z2103-FTC19846,,
AB-700,S,R1b-PF7562-FTE55255,,
AB-701,S,E1b-M81?-A,,
AB-702,Y,E1b-V12-V32-BY97405,,
AB-703,M,J2a-L26?-Z,,
AB-706,,R1b-P312?-S,,
AB-707,S,E1b-M81-Y23468,,
AB-708,S,R1b-A8053-FT19913,FGC57291,
AB-709,S,I2-M223-P78-A427,,
AB-710,S,H-Z41306,,
AB-711,S,I2-M223-CTS6433-PH5288,,
AB-712,S,G-L30-FTB62856-T,,
AB-714,S,J2a-L25-BY57138,Y151116,
AB-716,S,G-U1-L1266-B,,
AB-717,S,R1b-PF7589-Y40119,,
AB-718,S,J1-PF7263-BY38105,BY45309,
AB-719,S,R1b-DF27-ZZ12_1-FGC78762,,
AB-720,S,R1b-Z2103-FTA70356,,
AB-722,S,T-P77-CTS6507-HU354,,
AB-723,,E1b-M84-FT278388,,
AB-724,S,G-PF3146-Y240466,,
AB-725,S,Q-L245-BZ246,,
AB-726,S,R1b-U106-FTE23324-B,,
AB-727,S,E1b-V13-BY3880,,
AB-729,,R1b-DF27-BY71481,,
AB-733,J,G-L140-FTC88333,,
AB-734,J,H-Z5889,,
AB-735,A,R1a-Z283-P278-S,,
AB-736,Y,G-L30-FT56736,M3302,
AB-737,A,R1b-U152-BY62355-sub,,
AB-738,R,J2b-L283-BY101837,,
AB-739,S,G-L140-CTS5990-Z3292,Y65,
AB-740,S,J2a-M92-SK1344-FTB97281,,
AB-741,S,J2a-BY74709,,
AB-742,M,J2a-L26-FT178188,,
AB-743,S,E1b-M81-BY193345,,
AB-744,S,J1-Z640-FGC62623,,
AB-745,S,J1-Z1828-L1189-ZS5318,,
AB-746,S,J2a-L70-Z435-Y416681,,
AB-747,S,E1b-M81-FTB34423,,
AB-748,Y,E1b-V12-BY8513-S,,
AB-749,S,E1b-V13-BY6056-I,,
AB-750,S,E1b-M81-Y141522,,
AB-751,S,J2a-L26-PF7421-Y31951,,
AB-752,Y,E1b-CTS10880-V6-C,,
AB-754,S,R1b-PF7562-BY16680-P,,
AB-755,S,R1b-DF27-Y26643,,
AB-757,S,T-FGC41015,,
AB-758,S,J1-Z18297-ZS3758,,
AB-759,M,R1a-Z93-FTA78948,,
AB-762,S,G-L140-Y29434,,
AB-763,,J1-YSC76-FT104442,,
AB-764,J,R1a-Y5-V4683,,
AB-766,S,J1-YSC76-FTD41224,,
AB-767,S,J2a-M67-CTS6804-BY50894,,
AB-768,S,N-FT148259,,
AB-769,S,J2a-L70-Z435-Z46113,,
AB-770,S,E1b-V13-FTB34355,,
AB-771,S,E1b-Z841-FTA4830,,
AB-772,"S,Y",R1b-Z2103-FT280556,,
AB-773,M,T-FTD8798,,
AB-774,S,G-L30-M3336,,
AB-775,,J2a-L26-FT81719-BY188143,,
AB-776,,J2a-L25-FTA1412,,
AB-777,,J2b-M102-Z43618,,
AB-779,,R1b-Z2103-FGC36747,,
AB-780,,E1b-V22-FT407404,,
AB-781,,E1b-V22-BY6800,,
AB-783,K,G-L140-S10654,,
AB-784,K,J2a-CTS900-H,,
AB-785,,E1b-Z841-FT209004,,
AB-787,S,J2b-L283-FT103684,,
AB-789,,J1-FGC11-FTE12635-S,,
AB-790,J,C-PH407-BY19776?-Y,,
AB-791,J,C-PH407-BY19776?-A,,
AB-792,J,G-P303-SK1163,,
AB-793,J,G-PF3146-FTA57555,,
AB-794,J,H-Z14452-I,,
AB-795,J,H-M2867-S,,
AB-797,J,H-BY203296-D,,
AB-799,J,J2b-F24352-M,,
AB-800,J,J2a-L25-FT189425-E,,
AB-802,J,J1-Z640-BY211057-K,,
AB-803,J,L-M357-A,,
AB-804,J,L-M27-Y,,
AB-805,J,Q-BZ4095-E,,
AB-806,J,Q-BZ4095-J,,
AB-807,J,Q-Z36057-M,,
AB-808,"M,J",Q-F26062-R,,
AB-809,J,R1a-Z93-Z29081-E,,
AB-810,J,R1a-Z93-Y34256-A,,
AB-812,J,R2a-FTC47236-D,,
AB-814,J,R1a-Z93-YP527-Av,,
AB-815,J,R1a-Z93-Y34256-M,,
AB-816,J,R1a-Z93-FT291373-E,,
AB-817,J,H-Z13661-D,,
AB-818,A,E2-FT424222,,
AB-821,M,H-Y28212,,
AB-823,M,G-PF3146-S19852,,
AB-825,M,E1b-V12-FT284477-Z,,
AB-826,,E1b-M84-FT125325,,
AB-827,,J2a-L26-BY72154,,
AB-828,M,R1b-Z2103-FT209833-S,FT209833,
AB-829,M,J1-YSC76?-L,,
AB-830,M,J2a-L26-Z6083,,
AB-831,S,J2b-L283-FT22667,,
AB-832,,J2b-L283-FT275227,,
AB-833,M,R1b-Z2103-FTA59777,,
AB-834,M,J2a-M92-FT10690-M,,
AB-835,M,J2a-L26-FT384703,,
AB-836,M,R1b-Z2103-Y58371,,
AB-837,M,J2a-L26-Y14434-BY27461,,
AB-839,M,R1a-Z93-FTA78948,,
AB-840,M,G-M342-F4174,,
AB-841,J,H-PH4549,,
AB-842,M,J2a-M92-BY100782,,
AB-843,M,J2a-L25-Z44536,,
AB-844,S,R1b-Z2103-Y128782-A,,
AB-846,S,J1-YSC76-FT462090-G,,
AB-847,M,E1b-V22-FTC17995,,
AB-848,S,I2-P37-PF6947-BY151272,,
AB-850,K,J1-ZS2518-ZS5287,,
AB-852,,G-U1-Z2018,,
AB-853,K,G-K,,
AB-854,K,E1b-V13-K,,
AB-855,K,J2a-K,,
AB-856,K,R1b-Z2103?-K,,
AB-857,K,R1b-Z2103?-K2,,
AB-858,K,J2a-BY37800?-K2,,
AB-860,,G-L30-FT209029,,
AB-861,,E1b-V22-FT192219,,
AB-862,,J2a-Z39727,,
AB-863,,J1-L860-ZS7438-R,,
AB-864,S,R1b-U152-BY39448,,
AB-865,,J1-L860-FT357234,,
AB-866,,E1b-Z841-Y4971,,
AB-867,,T-P77-BY169165-S,,
AB-868,,R1b-DF27-Y14050,,
AB-869,,E1b-V22?-A,,
AB-870,,E1b-M2-P277-FT261836,,
AB-871,,J2a-L26-FTF13782,,
AB-872,,E1b-V13-BY204529-N,,
AB-873,,J2a-T,,
AB-874,A,J2a-FT425368,,
AB-875,,R1b-Z2103-FT9973-M,,
AB-876,A,E1b-V13-L17?-B,,
AB-877,,L-L595-BY106184,,
AB-878,,G-PF3146-H,,
AB-879,S,J1-YSC76-FT9678,,
AB-880,S,J1-YSC76-FGC8224-BY93,,
AB-881,,O-M175,,
